objectid,File name,Format,Title,ISBN-10,ISBN-13,Subject,Dimensions,Language,Page Count,Publisher
coll001,colorbook001.jpg,,The Anatomy Coloring Book - 4th Edition,321832019,978-0321832016,Anatomy,8.5 x 1.2 x 10.85 inches,English,384,Pearson
coll002,colorbook002.jpg,,"Biology Coloring Workbook, 2nd Edition: An Easier and Better Way to Learn Biology",451487788,978-0451487780,Biology,8.4 x 0.92 x 10.82 inches,English,384,Princeton Review
coll003,colorbook003.jpg,,"Zensational Adult Coloring Book: Zen inspired philosophical and motivational, images and designs that help relieve stress and anxiet",,979-8398467062,Meditation ,8.5 x 0.23 x 11 inches,English ,100,Ted E Care Publishing
coll004,colorbook004.jpg,,The Plant Parent Coloring Book: Beautiful Houseplant Love and Care,1951728181,978-1951728182,Horticulture ,8.5 x 0.15 x 11 inches,English ,65,"Eclectic Esquire Media, LLC"
coll005,colorbook005.jpg,,Stress Relief Coloring Book for Adults,1648766099,â€Ž 978-1648766091,Meditation ,8.5 x 0.2 x 11 inches,English ,72,Rockridge Press
coll006,colorbook006.jpg,,Tagalog Picture Dictionary Coloring Book: Over 1500 Tagalog Words and Phrases for Creative & Visual Learners of All Ages (Color and Learn),1951949676,978-1951949679,Language,8.5 x 0.43 x 11 inches,English,190,Lingo Mastery
coll007,colorbook007.jpg,,"Color by math, multiplication and division for kids ages 8-12",,,,,,,
coll008,colorbook008.jpg,,,,,,,,,
coll009,colorbook009.jpg,,,,,,,,,
coll010,colorbook010.jpg,,,,,,,,,
coll011,colorbook011.jpg,,,,,,,,,
coll012,colorbook012.jpg,,,,,,,,,
coll013,colorbook013.jpg,,,,,,,,,